{"cameraMode":{"drawMode":0,"name":"Shaded","section":"Shading Mode"},"sceneLighting":true,"audioPlay":false,"sceneViewState":{"showFog":true,"showMaterialUpdate":false,"showSkybox":false,"showFlares":true,"showImageEffects":true,"showParticleSystems":true},"in2DMode":false,"pivot":{"x":-0.21352040767669679,"y":2.834733247756958,"z":-4.689558982849121},"rotation":{"x":0.05848478898406029,"y":0.10164681077003479,"z":-0.005882262717932463,"w":0.9931395053863525},"size":3.433938980102539,"orthographic":false}