{"cameraMode":{"drawMode":0,"name":"Shaded","section":"Shading Mode"},"sceneLighting":false,"audioPlay":false,"sceneViewState":{"showFog":true,"showMaterialUpdate":false,"showSkybox":false,"showFlares":true,"showImageEffects":true,"showParticleSystems":true},"in2DMode":false,"pivot":{"x":0.16547930240631104,"y":-0.030467867851257325,"z":1.197256326675415},"rotation":{"x":0.07358968257904053,"y":0.06427209079265595,"z":-0.0047865030355751518,"w":0.995239794254303},"size":1.4999825954437256,"orthographic":false}