{"cameraMode":{"drawMode":0,"name":"Shaded","section":"Shading Mode"},"sceneLighting":true,"audioPlay":false,"sceneViewState":{"showFog":true,"showMaterialUpdate":false,"showSkybox":false,"showFlares":true,"showImageEffects":true,"showParticleSystems":true},"in2DMode":false,"pivot":{"x":1.5099833011627198,"y":3.527850866317749,"z":-3.295900344848633},"rotation":{"x":0.013807900249958039,"y":-0.015010099858045578,"z":0.00026978590176440775,"w":0.9998571872711182},"size":4.9707794189453129,"orthographic":false}