{"cameraMode":{"drawMode":0,"name":"Shaded","section":"Shading Mode"},"sceneLighting":false,"audioPlay":false,"sceneViewState":{"showFog":true,"showMaterialUpdate":false,"showSkybox":false,"showFlares":true,"showImageEffects":true,"showParticleSystems":true},"in2DMode":false,"pivot":{"x":0.0,"y":0.7800000905990601,"z":-5.960464477539063e-8},"rotation":{"x":0.1675233542919159,"y":-0.00001415200222254498,"z":-0.000037391022488009185,"w":0.9859142303466797},"size":2.1462793350219728,"orthographic":false}