{"cameraMode":{"drawMode":0,"name":"Shaded","section":"Shading Mode"},"sceneLighting":true,"audioPlay":false,"sceneViewState":{"showFog":true,"showMaterialUpdate":false,"showSkybox":false,"showFlares":true,"showImageEffects":true,"showParticleSystems":true},"in2DMode":false,"pivot":{"x":0.4946213364601135,"y":3.390188694000244,"z":-10.149236679077149},"rotation":{"x":0.045294102281332019,"y":-0.0059989336878061298,"z":0.00027171021793037653,"w":0.9989709258079529},"size":3.4137182235717775,"orthographic":false}